<?xml version="1.0" encoding="UTF-8" ?>
<!DOCTYPE mapper PUBLIC "-//mybatis.org//DTD Mapper 3.0//EN" "http://mybatis.org/dtd/mybatis-3-mapper.dtd" >
<mapper namespace="com.lihao.app.dao.AuthUserMapper" >
  <resultMap id="BaseResultMap" type="com.lihao.app.entity.LiHao" >
    <id column="id" property="id" jdbcType="INTEGER" />
    <result column="username" property="username" jdbcType="VARCHAR" />
    <result column="password" property="password" jdbcType="VARCHAR" />
    <result column="name" property="name" jdbcType="VARCHAR" />
    <result column="lastPasswordResetDate" property="lastPasswordResetDate" jdbcType="DATE"/>
    <result column="age" property="age" jdbcType="SMALLINT" />
  </resultMap>
  <sql id="Base_Column_List" >
    id, username, password, name, age
  </sql>

  <insert id="insert" parameterType="com.lihao.app.domain.json.LiHaoJson" >
    insert into tb_user
    <trim prefix="(" suffix=")" suffixOverrides="," >
      <if test="username != null" >
        username,
      </if>
      <if test="password != null" >
        password,
      </if>
      <if test="name != null" >
        name,
      </if>
      <if test="age != null" >
        age,
      </if>
      <if test="lastPasswordResetDate != null" >
        lastPasswordResetDate,
      </if>
    </trim>
    <trim prefix="values (" suffix=")" suffixOverrides="," >
      <if test="username != null" >
        #{username,jdbcType=VARCHAR},
      </if>
      <if test="password != null" >
        #{password,jdbcType=VARCHAR},
      </if>
      <if test="name != null" >
        #{name,jdbcType=VARCHAR},
      </if>
      <if test="age != null" >
        #{age,jdbcType=SMALLINT},
      </if>
      <if test="lastPasswordResetDate != null" >
        #{lastPasswordResetDate,jdbcType=DATE},
      </if>
    </trim>
  </insert>
  
  <!-- 根据用户id，删除用户 -->
  <delete id="Delete" parameterType="INTEGER">
  	delete from tb_user
  	where id = #{id,jdbcType=INTEGER};
  </delete>
  
  <!-- 验证用户登陆select需要一个返回值的类型 -->
  <select id="selectUser" parameterType="com.lihao.app.domain.json.LoginJson" resultMap="BaseResultMap">
  	SELECT * FROM tb_user
  	WHERE username = #{username,jdbcType=VARCHAR} AND password = #{password,jdbcType=VARCHAR};
  </select>
  
  <!-- 用户通过id来查找 -->
  <select id="selectId" resultMap="BaseResultMap">
  	SELECT * FROM tb_user
  	WHERE id = #{userid,jdbcType=INTEGER};
  </select>

</mapper>