<?xml version="1.0" encoding="UTF-8" ?>
<!DOCTYPE mapper PUBLIC "-//mybatis.org//DTD Mapper 3.0//EN" "http://mybatis.org/dtd/mybatis-3-mapper.dtd" >
<mapper namespace="com.lihao.app.dao.AuthSoftMapper" >
  <resultMap id="BaseResultMap" type="com.lihao.app.entity.LiHaoSoft" >
    <id column="id" property="id" jdbcType="INTEGER" />
    <result column="client_id" property="client_id" jdbcType="VARCHAR" />
    <result column="client_secret" property="client_secret" jdbcType="VARCHAR" />
    <result column="client_name" property="client_name" jdbcType="VARCHAR" />
    <result column="redirect_url" property="redirect_url" jdbcType="VARCHAR" />
    <result column="userid" property="userid" jdbcType="INTEGER" />
  </resultMap>
  <sql id="Base_Column_List" >
    id, client_id, client_secret, client_name, redirect_url, userid
  </sql>

  <insert id="insert" parameterType="com.lihao.app.domain.json.SoftJson" >
    insert into tb_soft
    <trim prefix="(" suffix=")" suffixOverrides="," >
      <if test="client_id != null" >
        client_id,
      </if>
      <if test="client_secret != null" >
        client_secret,
      </if>
      <if test="client_name != null" >
        client_name,
      </if>
      <if test="redirect_url != null" >
        redirect_url,
      </if>
      <if test="userid > 0" >
        userid,
      </if>
    </trim>
    <trim prefix="values (" suffix=")" suffixOverrides="," >
      <if test="client_id != null" >
        #{client_id,jdbcType=VARCHAR},
      </if>
      <if test="client_secret != null" >
        #{client_secret,jdbcType=VARCHAR},
      </if>
      <if test="client_name != null" >
        #{client_name,jdbcType=VARCHAR},
      </if>
      <if test="redirect_url != null" >
        #{redirect_url,jdbcType=VARCHAR},
      </if>
      <if test="userid > 0" >
        #{userid,jdbcType=INTEGER},
      </if>
    </trim>
  </insert>
  
  <delete id="Delete" parameterType="INTEGER">
  	delete from tb_soft
  	where id = #{id,jdbcType=INTEGER};
  </delete>
  
  <select id="selectSoft" resultMap="BaseResultMap">
  	select * from tb_soft
  	where client_id = #{client_id,jdbcType=VARCHAR};
  </select>

</mapper>