<?xml version="1.0" encoding="UTF-8" ?>
<!DOCTYPE mapper PUBLIC "-//mybatis.org//DTD Mapper 3.0//EN" "http://mybatis.org/dtd/mybatis-3-mapper.dtd" >
<mapper namespace="com.lihao.app.dao.ServiceMapper" >
  
  <resultMap id="ResultLiHaoCode" type="com.lihao.app.entity.LiHaoCode">
  	<id column = "id" property="id" jdbcType="INTEGER"/>
  	<result column="userid" property="userid" jdbcType="INTEGER" />
  	<result column="client_id" property="client_id" jdbcType="VARCHAR" />
  	<result column="code" property="code" jdbcType="VARCHAR" />
  </resultMap>
  
  <sql id="Base_Column_List" >
    id, userid, client_name, code
  </sql>
  
  <insert id="insertCode" parameterType="com.lihao.app.entity.LiHaoCode">
  	insert into tb_authorize(userid,client_id,code)
  	values(#{userid},#{client_id},#{code});
  </insert>
  
  <select id="selectCode" resultMap="ResultLiHaoCode">
  	select * from tb_authorize
  	where client_id = #{client_id,jdbcType=VARCHAR};
  </select>
  
  <select id="selectHavetoken" resultMap="ResultLiHaoCode">
  	select * from tb_authorize
  	where code = #{code,jdbcType=VARCHAR};
  </select>
  
</mapper>