<?xml version="1.0" encoding="UTF-8"?>    
<!DOCTYPE log4j:configuration PUBLIC "-//APACHE//DTD LOG4J 1.2//EN" "log4j.dtd">
<log4j:configuration xmlns:log4j="http://jakarta.apache.org/log4j/">
	<!-- 可以配置多个appender来对应不同的输出，如文件输出，sql输出，控制台输出，邮件输出等 -->
	<!-- [控制台STDOUT] 不同的输出类型对应着不同的calss，如控制台输出class对应着 org.apache.log4j.ConsoleAppender -->
	<appender name="console" class="org.apache.log4j.ConsoleAppender">  <!-- name提供给logger或者root调用 -->
		<param name="encoding" value="utf-8" />  <!-- 保存字符集 -->
		<param name="target" value="System.out" />  <!-- 输出到控制台 -->
		<layout class="org.apache.log4j.PatternLayout"> <!-- loyout表示输出方式，可以多种，class值区分，PatternLayout表示自定义格式 -->
			<param name="ConversionPattern"
				value="%d{ISO8601} 耗时：%r [日志来自：%-40.40c{3} 日志类型: %-5p 日志内容：%m]%n" />  <!-- 输出格式，后面解释 -->
		</layout>
		<!--filter过滤器设置输出的级别:ALL < DEBUG < INFO < WARN < ERROR < FATAL < OFF 所有下面输出的是debug到warn不会有error和fatal -->
		<filter class="org.apache.log4j.varia.LevelRangeFilter">
			<param name="levelMin" value="debug" />
			<param name="levelMax" value="warn" />
			<param name="AcceptOnMatch" value="true" />
		</filter>
	</appender>

	<!-- Root Logger -->
	<!-- 所有logger的父类，记录所有的日志。 -->
	<root>
		<!-- <level value="ALL"></level> 限定记录等级 -->
		<priority value="debug"/>
		<appender-ref ref="console" />
	</root>
	
	<!-- 定义将各个包中的列日志输出到不同的文件中 -->
	<category name="org.springframework">
		<priority value="error" />
		<appender-ref ref="console" />
	</category>
</log4j:configuration>