<?xml version="1.0" encoding="UTF-8"?>
<beans xmlns="http://www.springframework.org/schema/beans"
	xmlns:xsi="http://www.w3.org/2001/XMLSchema-instance" xmlns:p="http://www.springframework.org/schema/p"
	xmlns:context="http://www.springframework.org/schema/context"
	xmlns:mvc="http://www.springframework.org/schema/mvc"
	xsi:schemaLocation="      
           http://www.springframework.org/schema/beans      
           http://www.springframework.org/schema/beans/spring-beans.xsd      
           http://www.springframework.org/schema/context      
           http://www.springframework.org/schema/context/spring-context.xsd     
           http://www.springframework.org/schema/mvc      
           http://www.springframework.org/schema/mvc/spring-mvc.xsd">

	<context:annotation-config />
	<!-- spring自动扫描base-package下的java文件 若扫描到有spring相关注解类则把这些类注册为spring的bean -->
	<context:component-scan base-package="com.lihao.app.controller" />
	<!-- 主要作用于@Controller，激活该模式，下面是一种简写形式，完全可以手动配置替代这种简写形式， 它会自动注册DefaultAnnotationHandlerMapping与AnnotationMethodHandlerAdapter， 
		是spring MVC为@Controllers分发请求所必须的 -->
	<mvc:annotation-driven />
	<!-- 配置js,css等静态文件直接映射到对应的文件夹，不被DispatcherServlet处理 location表示webapp目录下的文件 -->
	<mvc:resources mapping="/styles/**" location="/styles/" />
	<mvc:resources mapping="/scripts/**" location="/scripts/" />
	<mvc:resources mapping="/images/**" location="/images/" />
	
	<!-- 静态资源不会被springmvc过滤 -->
	<mvc:resources mapping="/swagger/**" location="/swagger/" />
	<mvc:resources mapping="swagger-ui.html" location="classpath:/META-INF/resources/" />
	<mvc:resources mapping="/webjars/**" location="classpath:/META-INF/resources/webjars/" />
		
	<!-- 将springSwaggerConfig加载到spring容器中 -->
	<bean class="com.mangofactory.swagger.configuration.SpringSwaggerConfig" />
	<bean class="com.lihao.app.configs.SwaggerConfig" />
	
	<bean
		class="org.springframework.web.servlet.view.InternalResourceViewResolver">
		<property name="viewClass" value="com.lihao.app.configs.HtmlResourceView" />
		<property name="order" value="0" />
		<!-- 前缀 -->
		<property name="prefix" value="/" />
		<!-- 后缀 -->
		<property name="suffix" value=".jsp" />
	</bean>
	<bean id="htmlviewResolver"
		class="org.springframework.web.servlet.view.InternalResourceViewResolver">
		<property name="viewClass" value="com.lihao.app.configs.HtmlResourceView" />
		<property name="order" value="1" />
		<!-- 前缀 -->
		<property name="prefix" value="/" />
		<!-- 后缀 -->
		<property name="suffix" value=".jsp" />
	</bean>


</beans>